,City,Cloudiness,Country,Date,Humidity,Lat,Lng,Max Temp,Wind Speed
0,Qaanaaq,800,GL,1531883443,89,77.48,-69.36,37.59,2.95
1,Seguela,500,CI,1531883443,89,7.96,-6.67,73.59,9.44
2,Hilo,803,US,1531878960,66,19.71,-155.08,84.2,5.82
3,Castro,800,CL,1531883444,100,-42.48,-73.76,31.47,5.75
4,Summerville,500,US,1531882500,94,33.02,-80.17,78.8,3.36
5,Ribeira Grande,803,PT,1531883444,100,38.52,-28.7,72.24,12.57
6,Gafanha da Encarnacao,802,PT,1531882800,93,40.62,-8.73,62.6,3.36
7,Rumonge,800,BI,1531883444,100,-3.97,29.44,67.65,5.19
8,Sorland,803,NO,1531883288,88,67.67,12.69,57.3,15.93
9,Tokmak,801,UA,1531883445,72,47.26,35.7,67.56,9.22
10,Port Hedland,802,AU,1531882800,17,-20.31,118.58,82.4,8.05
11,Hofn,500,IS,1531883237,100,64.25,-15.21,48.57,7.31
12,Chuy,500,UY,1531883392,94,-33.69,-53.46,59.64,18.5
13,Ushuaia,800,AR,1531879200,100,-54.81,-68.31,32.0,5.82
14,Yakovlevskoye,803,RU,1531881000,82,55.46,36.94,69.8,8.95
15,Bambous Virieux,802,MU,1531879200,64,-20.34,57.76,69.8,12.75
16,Carnarvon,802,ZA,1531883446,67,-30.97,22.13,46.41,10.0
17,Puerto Ayora,803,EC,1531883229,100,-0.74,-90.35,71.97,13.8
18,Sahuaripa,500,MX,1531883446,99,29.05,-109.23,67.83,1.28
19,Aktau,800,KZ,1531881000,69,43.65,51.16,75.2,4.47
20,Butaritari,802,KI,1531883447,100,3.07,172.79,83.76,4.41
21,Tasiilaq,800,GL,1531882200,75,65.61,-37.64,41.0,6.93
22,Santander,803,PH,1531882800,66,9.42,123.33,89.6,9.17
23,Khakhea,800,BW,1531883447,79,-24.69,23.5,36.15,6.2
24,Lovington,800,US,1531882500,28,32.94,-103.35,82.4,8.05
25,Durazno,500,UY,1531883448,96,-33.38,-56.52,57.39,7.2
26,Rikitea,804,PF,1531883448,100,-23.12,-134.97,70.44,23.87
27,Khatanga,501,RU,1531883448,92,71.98,102.47,58.65,25.88
28,Tagab,800,AF,1531882200,61,34.85,69.65,77.0,4.7
29,Bonavista,800,CA,1531883274,76,48.65,-53.11,61.62,16.49
30,Ahipara,800,NZ,1531883449,78,-35.17,173.16,60.99,5.3
31,Busselton,500,AU,1531883394,100,-33.64,115.35,61.71,18.28
32,Port Lincoln,800,AU,1531883449,76,-34.72,135.86,61.98,27.11
33,Abha,800,SA,1531879200,37,18.22,42.5,66.2,2.17
34,Cherskiy,801,RU,1531883450,55,68.75,161.3,47.04,10.45
35,Maragogi,500,BR,1531883221,100,-9.01,-35.22,72.06,10.0
36,Sawakin,800,SD,1531883450,76,19.1,37.33,83.49,4.97
37,Lorengau,500,PG,1531883450,100,-2.02,147.27,80.34,3.06
38,Arraial do Cabo,800,BR,1531883450,94,-22.97,-42.02,71.34,17.16
39,Meiganga,501,CM,1531883451,98,6.52,14.29,63.87,2.73
40,Lensk,800,RU,1531883451,75,60.71,114.91,60.81,4.74
41,Port Elizabeth,701,US,1531882500,100,39.31,-74.98,75.2,7.54
42,Rawson,803,AR,1531883451,93,-43.3,-65.11,35.7,3.96
43,Vanavara,800,RU,1531883452,59,60.35,102.28,65.94,6.76
44,Nemencine,800,LT,1531882200,88,54.85,25.48,66.2,9.17
45,Nakhon Thai,500,TH,1531879200,100,17.1,100.84,80.6,3.36
46,Sinnamary,803,GF,1531883337,96,5.38,-52.96,81.24,13.02
47,Iqaluit,500,CA,1531879200,93,63.75,-68.52,37.4,3.36
48,Homer,800,US,1531882380,76,59.64,-151.54,60.8,13.87
49,Avarua,803,CK,1531882800,78,-21.21,-159.78,77.0,12.75
50,Coari,800,BR,1531883453,91,-4.09,-63.14,76.02,3.96
51,Winnemucca,800,US,1531882560,12,40.97,-117.74,91.4,5.82
52,Atuona,800,PF,1531883218,100,-9.8,-139.03,79.8,16.82
53,Mataura,801,NZ,1531883212,87,-46.19,168.86,53.79,5.64
54,Hithadhoo,803,MV,1531883453,100,-0.6,73.08,78.81,3.4
55,Cabo San Lucas,804,MX,1531878420,74,22.89,-109.91,80.6,8.43
56,Berlevag,800,NO,1531883172,85,70.86,29.09,60.09,2.73
57,Lebu,803,ET,1531883454,91,8.96,38.73,47.04,2.62
58,Gernsbach,800,DE,1531882800,93,48.76,8.34,62.6,5.82
59,Verkhoyansk,800,RU,1531883454,48,67.55,133.39,48.21,7.87
60,East London,803,ZA,1531883455,100,-33.02,27.91,67.11,21.07
61,Albany,803,US,1531882440,60,42.65,-73.75,73.4,8.05
62,Tessalit,800,ML,1531883455,22,20.2,1.01,71.79,2.84
63,Turochak,804,RU,1531883455,65,52.26,87.12,67.56,3.29
64,Lata,803,IN,1531883455,100,30.78,78.62,63.33,0.6
65,Bluff,800,AU,1531883456,31,-23.58,149.07,74.04,4.63
66,Laguna,804,MX,1531878300,62,27.52,-110.01,86.0,5.82
67,Cody,800,US,1531882560,59,44.53,-109.06,66.2,9.17
68,Bubaque,501,GW,1531883318,100,11.28,-15.83,74.67,7.76
69,San Carlos de Bariloche,803,AR,1531879200,80,-41.13,-71.31,35.6,5.82
70,Hermanus,500,ZA,1531883213,85,-34.42,19.24,47.49,2.51
71,Paris,800,FR,1531882800,55,48.86,2.35,64.4,5.82
72,Punta Arenas,801,CL,1531879200,92,-53.16,-70.91,26.6,5.82
73,Abu Zabad,802,SD,1531883458,92,12.35,29.25,72.51,9.78
74,La Seyne-sur-Mer,800,FR,1531882800,82,43.1,5.88,68.0,4.7
75,Provideniya,300,RU,1531881000,100,64.42,-173.23,42.8,15.66
76,Cayenne,800,GF,1531881000,100,4.94,-52.33,75.2,2.24
77,Kaitangata,800,NZ,1531883237,80,-46.28,169.85,52.89,3.96
78,Vestmannaeyjar,802,IS,1531883327,97,63.44,-20.27,47.76,6.2
79,Kapaa,804,US,1531878960,66,22.08,-159.32,84.2,8.05
80,Takab,804,IR,1531883459,55,36.4,47.11,63.51,2.84
81,Alim,500,NG,1531883459,100,7.18,7.33,71.07,1.83
82,Isangel,800,VU,1531883459,100,-19.55,169.27,72.69,12.46
83,Barrow,501,AR,1531883460,99,-38.31,-60.23,46.32,14.14
84,Lavrentiya,804,RU,1531883216,93,65.58,-170.99,43.08,22.86
85,Genhe,803,CN,1531883460,87,50.78,121.52,72.15,3.96
86,Hambantota,500,LK,1531883460,100,6.12,81.12,79.44,14.47
87,Tuktoyaktuk,803,CA,1531880280,81,69.44,-133.03,42.8,13.87
88,Yellowknife,802,CA,1531879200,59,62.45,-114.38,66.2,12.75
89,Cape Town,800,ZA,1531879200,81,-33.93,18.42,51.8,2.24
90,Dikson,500,RU,1531883233,100,73.51,80.55,38.22,27.78
91,Terrace,520,CA,1531879200,68,54.52,-128.61,68.0,8.05
92,Upernavik,803,GL,1531883252,100,72.79,-56.15,36.6,12.91
93,Port Macquarie,800,AU,1531882800,27,-31.43,152.91,73.4,5.82
94,Antofagasta,804,CL,1531879200,71,-23.65,-70.4,57.2,11.41
95,Fayaoue,802,NC,1531883462,100,-20.65,166.53,70.89,11.45
96,Muroto,801,JP,1531879200,70,33.37,134.14,86.0,6.93
97,Mar del Plata,803,AR,1531883462,100,-46.43,-67.52,26.52,5.41
98,Manokwari,800,ID,1531883462,98,-0.87,134.08,83.49,13.13
99,Kavieng,500,PG,1531883377,100,-2.57,150.8,80.07,3.74
100,San Cristobal,803,EC,1531879200,87,-0.39,-78.55,50.0,13.87
101,Kodiak,804,US,1531878780,73,39.95,-94.76,75.2,8.05
102,Shingu,802,JP,1531879200,79,33.72,135.99,86.0,5.82
103,Ardesen,800,TR,1531879200,82,41.19,40.99,66.2,16.11
104,Katsuura,801,JP,1531879200,66,33.93,134.5,89.6,4.7
105,Tshikapa,800,CD,1531883464,62,-6.42,20.79,64.14,4.74
106,Paita,800,PE,1531883464,89,-5.09,-81.11,64.59,7.76
107,Saskylakh,500,RU,1531883464,91,71.97,114.09,48.21,24.87
108,Conde,804,BR,1531883465,90,-11.81,-37.61,73.14,8.43
109,Qaqortoq,501,GL,1531882200,87,60.72,-46.03,50.0,8.05
110,Victoria,803,BN,1531879200,84,5.28,115.24,89.6,4.7
111,Chico,801,US,1531878840,19,39.73,-121.84,102.2,6.93
112,Torbay,804,CA,1531879200,100,47.66,-52.73,60.8,18.34
113,Leningradskiy,500,RU,1531883465,85,69.38,178.42,40.29,29.46
114,Vaini,501,IN,1531883234,99,15.34,74.49,71.16,9.66
115,Poso,800,ID,1531883466,100,-1.4,120.75,82.77,2.39
116,Thompson,801,CA,1531879200,57,55.74,-97.86,77.0,5.82
117,Bandarbeyla,800,SO,1531883238,77,9.49,50.81,78.72,29.12
118,Ostrovnoy,800,RU,1531883281,64,68.05,39.51,68.64,11.56
119,Zhigansk,800,RU,1531883467,37,66.77,123.37,53.88,9.55
120,Adrar,802,DZ,1531879200,9,27.87,-0.29,95.0,11.41
121,Hami,803,CN,1531883467,35,42.84,93.51,86.1,5.19
122,Norman Wells,803,CA,1531879200,82,65.28,-126.83,62.6,3.74
123,Campbell River,802,CA,1531882800,41,50.02,-125.24,78.8,5.82
124,Moron,500,VE,1531883467,94,10.49,-68.2,69.9,2.62
125,Beyneu,803,KZ,1531883468,56,45.32,55.19,76.29,14.81
126,Quatre Cocos,802,MU,1531879200,64,-20.21,57.76,69.8,12.75
127,Jamestown,800,AU,1531883468,51,-33.21,138.6,58.74,15.7
128,Severo-Yeniseyskiy,800,RU,1531883468,61,60.37,93.04,66.84,4.29
129,Saint-Joseph,800,FR,1531882800,68,43.56,6.97,73.4,4.7
130,Nuuk,741,GL,1531882200,100,64.17,-51.74,42.8,3.36
131,La Paz,803,MX,1531878000,48,24.15,-110.32,84.2,11.41
132,Kununurra,800,AU,1531882800,13,-15.77,128.74,86.0,10.29
133,Bouillante,804,FR,1531882800,82,48.53,-1.73,60.8,3.36
134,Pangnirtung,800,CA,1531883470,94,66.15,-65.72,41.01,2.17
135,Bredasdorp,500,ZA,1531879200,93,-34.53,20.04,51.8,3.36
136,Narsaq,501,GL,1531882200,87,60.91,-46.05,50.0,8.05
137,Port Alfred,802,ZA,1531883470,82,-33.59,26.89,63.24,13.02
138,Saint-Philippe,802,CA,1531882500,64,45.36,-73.48,71.6,5.82
139,Forbes,800,AU,1531883471,100,-33.38,148.01,51.36,4.63
140,Yulara,800,AU,1531879200,16,-25.24,130.99,69.8,8.05
141,Muriti,800,TZ,1531883471,100,-1.99,32.93,72.06,15.48
142,Abonnema,500,NG,1531883471,100,4.71,6.79,71.7,2.62
143,Joshimath,802,IN,1531883472,100,30.57,79.57,38.94,0.49
144,Kanye,800,BW,1531883472,69,-24.98,25.34,33.36,7.99
145,Sexsmith,803,CA,1531882800,64,55.35,-118.78,69.8,6.93
146,Nandgaon,501,IN,1531883472,97,20.31,74.66,73.68,13.8
147,Cururupu,800,BR,1531883472,90,-1.82,-44.87,76.11,5.97
148,Malumfashi,802,NG,1531883473,95,11.79,7.62,70.26,10.45
149,Aden,800,YE,1531883473,83,12.79,45.03,84.12,20.62
150,Careiro da Varzea,800,BR,1531882800,69,-3.2,-59.81,82.4,3.36
151,Bocaiuva,802,BR,1531883473,94,-17.12,-43.81,61.89,9.66
152,Lazaro Cardenas,801,MX,1531878360,35,28.39,-105.62,84.2,5.82
153,Bethel,804,US,1531882380,76,60.79,-161.76,55.4,4.7
154,Riohacha,801,CO,1531883474,78,11.54,-72.91,84.48,18.72
155,Oktyabrskiy,801,RU,1531881000,88,55.61,37.97,69.8,11.18
156,La Roda,800,ES,1531883368,51,39.21,-2.16,64.86,7.99
157,Grand Gaube,802,MU,1531879200,64,-20.01,57.66,69.8,12.75
158,Caravelas,803,BR,1531883475,100,-17.73,-39.27,76.47,14.25
159,Lano,803,NG,1531883475,98,10.17,11.47,68.1,3.62
160,Evensk,803,RU,1531883344,96,61.92,159.24,53.79,5.19
161,Chokurdakh,802,RU,1531883476,82,70.62,147.9,41.82,16.71
162,New Norfolk,803,AU,1531882800,47,-42.78,147.06,55.4,12.75
163,Severo-Kurilsk,500,RU,1531883476,94,50.68,156.12,52.17,5.75
164,Georgetown,802,GY,1531879200,100,6.8,-58.16,75.2,4.18
165,Esperance,801,TT,1531879200,88,10.24,-61.45,78.8,5.82
166,Abu Samrah,800,SY,1531883477,75,35.3,37.18,68.82,6.64
167,Terra Santa,800,BR,1531883477,81,-2.1,-56.49,78.27,2.39
168,Komsomolskiy,801,RU,1531883477,69,67.55,63.78,54.42,11.34
169,Hirara,521,JP,1531879200,83,24.8,125.28,87.8,13.87
170,Elizabeth City,211,US,1531882740,100,36.3,-76.22,82.4,5.82
171,San Ignacio,801,CL,1531879200,100,-36.8,-72.03,33.8,2.24
172,Faya,800,SA,1531879200,37,18.39,42.45,66.2,7.2
173,Pangkalanbuun,800,ID,1531883479,79,-2.68,111.62,86.01,8.21
174,Hobart,803,AU,1531882800,47,-42.88,147.33,55.4,12.75
175,Bambanglipuro,800,ID,1531883479,62,-7.95,110.28,82.59,5.3
176,Henties Bay,800,NA,1531883479,57,-22.12,14.28,68.64,22.97
177,Beberibe,803,BR,1531879200,78,-4.18,-38.13,80.6,13.87
178,Itabira,804,BR,1531883480,92,-19.62,-43.23,57.57,5.41
179,Okha,800,RU,1531883480,57,53.59,142.95,71.34,12.35
180,Sao Joao da Barra,801,BR,1531883225,97,-21.64,-41.05,74.31,16.49
181,Plattsburgh,802,US,1531882500,56,44.69,-73.46,75.2,10.29
182,Revelstoke,200,CA,1531883280,77,50.99,-118.19,68.0,14.99
183,Galveston,804,US,1531881300,68,40.58,-86.19,71.6,8.43
184,Anloga,803,GH,1531879200,94,5.79,0.9,77.0,6.93
185,Flinders,800,AU,1531879200,26,-34.58,150.85,60.8,16.11
186,Luderitz,800,NA,1531883482,55,-26.65,15.16,62.7,6.98
187,Mahajanga,801,MG,1531879200,77,-15.72,46.32,64.4,4.7
188,Nemuro,803,JP,1531879200,68,43.32,145.57,66.2,8.05
189,Gat,801,SN,1531883482,85,14.69,-16.54,77.82,7.99
190,Ilulissat,500,GL,1531882200,93,69.22,-51.1,39.2,2.24
191,Leh,803,IN,1531883483,80,34.16,77.58,39.03,1.95
192,Thinadhoo,500,MV,1531883483,100,0.53,72.93,80.7,10.0
193,Salalah,301,OM,1531878600,100,17.01,54.1,77.0,5.82
194,Hasaki,803,JP,1531881000,66,35.73,140.83,91.4,9.17
195,Mongo,500,CF,1531883484,100,4.83,22.92,69.99,2.17
196,Ancud,800,CL,1531883484,85,-41.87,-73.83,31.65,4.97
197,Sulangan,804,PH,1531883484,94,11.14,123.72,86.1,13.69
198,Axim,500,GH,1531883484,100,4.87,-2.24,75.57,8.66
199,Peniche,804,PT,1531882800,88,39.36,-9.38,64.4,8.05
200,Purpe,500,RU,1531883485,71,64.48,76.69,65.13,11.12
201,Mosquera,802,CO,1531879200,66,4.71,-74.23,55.4,9.17
202,Ponta do Sol,800,BR,1531883485,79,-20.63,-46.0,54.33,6.53
203,Otofuke,803,JP,1531879200,82,43.02,143.2,64.4,1.12
204,Tapiramuta,500,BR,1531883486,97,-11.85,-40.79,62.79,6.2
205,Sackville,803,CA,1531879200,94,45.9,-64.37,69.8,11.41
206,Longyan,800,CN,1531883486,59,25.1,117.03,85.47,2.73
207,Muisne,803,EC,1531883487,90,0.61,-80.02,72.24,5.86
208,Sile,801,US,1531882500,46,35.56,-106.37,86.0,18.34
209,Na Klang,502,TH,1531879200,94,17.3,102.21,80.6,4.7
210,Sandwick,801,GB,1531878600,100,54.57,-2.89,48.2,2.62
211,Dumai,803,ID,1531883487,73,1.68,101.45,86.01,3.51
212,Botad,500,IN,1531883488,98,22.17,71.67,77.82,12.91
213,Catuday,501,PH,1531883488,100,16.29,119.81,76.2,10.89
214,Saldanha,800,PT,1531883488,81,41.42,-6.55,58.29,2.62
215,Calvia,801,ES,1531882800,94,39.57,2.51,69.8,4.7
216,Tual,804,ID,1531883489,100,-5.67,132.75,77.82,9.78
217,Christchurch,800,NZ,1531882800,44,-43.53,172.64,60.8,1.12
218,Oranjemund,801,ZA,1531883489,82,-28.55,16.43,63.24,6.98
219,Klaksvik,500,FO,1531882200,100,62.23,-6.59,50.0,6.93
220,Longyearbyen,801,NO,1531882200,81,78.22,15.63,42.8,6.93
221,Newport,803,GB,1531882200,87,51.59,-3.0,60.8,4.7
222,Canutama,804,BR,1531883490,81,-6.53,-64.38,80.79,1.28
223,Shache,802,CN,1531883490,31,38.42,77.24,84.3,5.75
224,Buala,802,SB,1531883490,83,-8.15,159.59,84.12,12.46
225,Lindsay,800,CA,1531879200,68,44.36,-78.74,68.0,9.17
226,Ihosy,800,MG,1531883491,93,-22.4,46.13,46.86,8.21
227,Porto Novo,800,BR,1531879200,82,-23.68,-45.44,60.8,3.36
228,Tiksi,800,RU,1531883491,70,71.64,128.87,45.69,3.85
229,Sikasso,502,ML,1531883491,99,11.32,-5.68,67.92,7.2
230,Taoudenni,802,ML,1531883492,17,22.68,-3.98,80.07,2.95
231,Inhambane,500,MZ,1531883260,100,-23.87,35.38,62.97,13.47
232,Batemans Bay,800,AU,1531883492,69,-35.71,150.18,57.48,3.62
233,Inverell,800,AU,1531883492,59,-29.78,151.11,55.41,5.75
234,San Policarpo,802,PH,1531883492,86,12.18,125.51,87.54,12.68
235,Puerto Narino,802,CO,1531879200,100,-3.77,-70.38,75.2,2.24
236,Kyren,500,RU,1531883493,95,51.68,102.13,56.58,2.39
237,Aqtobe,802,KZ,1531881000,94,50.28,57.21,68.0,8.95
238,Codrington,800,AU,1531883493,60,-28.95,153.24,66.57,3.74
239,Goderich,800,CA,1531883321,77,43.74,-81.71,62.34,7.99
240,Alberton,800,ZA,1531879200,74,-26.25,28.13,35.6,2.73
241,Ouesso,802,CG,1531883361,99,1.61,16.05,69.18,2.39
242,Valparaiso,801,US,1531881900,68,41.47,-87.06,71.6,9.17
243,Malpe,803,IN,1531882800,88,13.35,74.72,78.8,6.93
244,Irece,800,BR,1531883494,80,-11.3,-41.86,63.42,8.77
245,Ust-Ilimsk,800,RU,1531883495,69,57.96,102.73,64.68,6.87
246,Zarubino,804,RU,1531883495,93,42.65,131.06,65.94,4.18
247,De Land,800,US,1531881300,73,40.12,-88.65,77.0,9.17
248,Plattling,800,DE,1531883495,70,48.78,12.88,62.61,8.99
249,Tumpat,803,MY,1531879200,70,6.2,102.17,87.8,5.82
250,Olga,800,US,1531881660,54,34.11,-118.17,84.2,10.29
251,Airai,800,TL,1531883496,36,-8.93,125.41,84.57,1.16
252,Comodoro Rivadavia,600,AR,1531879200,80,-45.87,-67.48,35.6,5.82
253,Aksum,500,ET,1531883496,99,14.12,38.72,59.46,2.73
254,Santa Ana,800,SV,1531878600,61,13.99,-89.56,80.6,4.7
255,San Quintin,804,PH,1531879200,94,17.54,120.52,80.6,4.7
256,Awbari,800,LY,1531883497,24,26.59,12.77,70.26,5.97
257,Muzhi,800,RU,1531883498,65,65.4,64.7,63.42,12.01
258,Portland,800,US,1531882560,42,45.52,-122.67,82.4,6.93
259,Praia da Vitoria,802,PT,1531879200,78,38.73,-27.07,71.6,16.82
260,Lewistown,800,US,1531881300,94,40.39,-90.15,77.0,4.85
261,Flin Flon,800,CA,1531883498,56,54.77,-101.88,74.67,2.73
262,Bathsheba,521,BB,1531879200,88,13.22,-59.52,78.8,17.22
263,Leeds,800,GB,1531882200,81,53.8,-1.54,59.0,4.7
264,Nanortalik,802,GL,1531883499,93,60.14,-45.24,39.84,2.39
265,San-Pedro,804,CI,1531883499,92,4.75,-6.64,74.85,6.42
266,Virginia Beach,211,US,1531882740,74,36.85,-75.98,82.4,11.41
267,Iquitos,801,PE,1531879200,94,-3.75,-73.25,73.4,3.36
268,High Prairie,500,CA,1531883500,68,55.43,-116.48,69.99,2.73
269,Praia,800,BR,1531879200,68,-20.25,-43.81,64.4,5.82
270,Omaruru,800,NA,1531883500,52,-21.42,15.95,49.29,14.58
271,Ixtapa,804,MX,1531878120,58,20.71,-105.21,84.2,2.24
272,Vallenar,804,CL,1531883501,76,-28.58,-70.76,47.22,0.72
273,Smithers,521,CA,1531879200,68,54.78,-127.17,69.8,5.82
274,Collie,500,AU,1531883501,100,-33.36,116.15,55.68,12.46
275,Laukaa,800,FI,1531882200,77,62.42,25.95,66.2,1.12
276,Rincon,800,US,1531882560,94,32.3,-81.24,78.8,5.82
277,Constitucion,802,MX,1531878420,82,23.99,-104.67,62.6,3.36
278,Salekhard,800,RU,1531883502,51,66.54,66.62,62.16,10.33
279,Alofi,803,NU,1531882800,88,-19.06,-169.92,78.8,9.17
280,Ketchikan,804,US,1531882560,87,55.34,-131.65,60.8,9.17
281,Tokur,803,RU,1531883503,77,53.13,132.9,72.96,2.95
282,Kahului,500,US,1531878960,66,20.89,-156.47,84.2,20.8
283,Cap Malheureux,802,MU,1531879200,64,-19.98,57.61,69.8,12.75
284,Lasa,800,CY,1531882800,68,34.92,32.53,78.8,9.17
285,Dmytrivka,300,UA,1531881000,100,50.46,30.17,66.2,2.24
286,Puerto Maldonado,800,PE,1531883397,81,-12.59,-69.19,77.19,2.17
287,Teguldet,804,RU,1531883504,63,57.31,88.17,66.03,3.74
288,Khandbari,800,NP,1531883505,62,27.38,87.21,49.56,0.72
289,Hamilton,801,CA,1531879200,68,43.26,-79.87,71.6,9.17
290,Lagoa,800,PT,1531881000,68,37.14,-8.45,69.8,4.7
291,Yar-Sale,800,RU,1531883505,77,66.83,70.83,56.13,12.12
292,Monroe,800,US,1531882380,68,41.91,-83.4,73.4,7.99
293,Santa Marta,802,CO,1531879200,70,11.24,-74.21,86.0,31.03
294,Dingle,804,PH,1531883506,67,11.0,122.67,86.01,13.13
295,Masvingo,500,ZW,1531883507,98,-20.08,30.83,47.67,4.63
296,Jumla,500,NP,1531883507,93,29.28,82.18,45.6,2.62
297,Sabang,801,PH,1531883507,81,13.72,123.58,86.82,18.5
298,Numan,802,NG,1531883507,98,9.46,12.04,71.61,6.98
299,Pevek,500,RU,1531883508,100,69.7,170.27,37.14,22.86
300,Tecoanapa,802,MX,1531878300,79,16.99,-99.26,84.2,3.36
301,Kamenka,500,RU,1531883508,99,53.19,44.05,65.76,12.24
302,Sudislavl,500,RU,1531883509,91,57.88,41.71,68.64,16.71
303,High Level,803,CA,1531882800,43,58.52,-117.13,69.8,3.36
304,Neuquen,301,AR,1531879200,100,-38.95,-68.06,42.8,3.36
305,Zambezi,802,ZM,1531883509,60,-13.55,23.12,56.04,15.03
306,Otorohanga,803,NZ,1531883509,83,-38.18,175.2,52.71,6.76
307,Jizan,800,SA,1531879200,66,16.89,42.56,87.8,4.7
308,Mayo,520,CA,1531881540,93,63.59,-135.9,51.8,4.7
309,Leshukonskoye,800,RU,1531883510,72,64.9,45.76,58.47,4.63
310,Seymchan,802,RU,1531883510,53,62.93,152.39,70.89,4.41
311,Yorkton,800,CA,1531879200,53,51.21,-102.46,77.0,6.93
312,Sitka,802,US,1531883511,57,37.17,-99.65,83.31,5.75
313,Navalagunda,500,IN,1531883511,96,15.56,75.35,72.24,17.16
314,Riyadh,800,SA,1531879200,14,24.63,46.72,84.2,5.82
315,Vanimo,501,PG,1531883511,100,-2.67,141.3,77.28,14.7
316,Kruisfontein,804,ZA,1531883266,67,-34.0,24.73,66.3,6.2
317,Gao,800,ML,1531883512,57,16.28,-0.04,84.21,11.23
318,Taunggyi,500,MM,1531883512,90,20.78,97.03,73.59,3.06
319,Dunda,803,IN,1531883512,100,30.62,78.32,63.33,0.6
320,Maceio,803,BR,1531879200,88,-9.67,-35.74,71.6,9.17
321,Northam,802,GB,1531878600,87,51.04,-4.21,59.0,2.24
322,Ulagan,500,RU,1531883513,100,50.63,87.96,49.02,2.73
323,Leiyang,800,CN,1531883513,97,26.42,112.85,88.98,4.41
324,Jalingo,801,NG,1531883513,96,10.21,12.82,66.48,4.18
325,Clyde River,800,CA,1531879200,93,70.47,-68.59,39.2,5.82
326,Acapulco,802,MX,1531878300,79,16.86,-99.88,84.2,3.36
327,Tilichiki,804,RU,1531883514,85,60.47,166.1,60.99,3.96
328,Karratha,800,AU,1531883338,21,-20.74,116.85,77.82,5.41
329,Moindou,801,NC,1531882800,43,-21.69,165.68,73.4,10.29
330,Saint George,801,GR,1531882200,68,39.45,22.34,71.6,3.36
331,Cidreira,802,BR,1531883514,95,-30.17,-50.22,60.45,3.29
332,Kavaratti,500,IN,1531883514,100,10.57,72.64,80.16,22.97
333,Pochutla,803,MX,1531878060,70,15.74,-96.47,86.0,6.98
334,Saint-Leu,804,RE,1531881000,63,-21.15,55.28,66.2,5.82
335,Melbu,500,NO,1531883515,88,68.5,14.83,59.73,5.75
336,Baruun-Urt,801,MN,1531883515,73,46.68,113.28,80.97,7.76
337,Hervey Bay,800,AU,1531883516,88,-25.3,152.85,67.11,3.62
338,Turtas,800,RU,1531883516,48,58.94,69.13,77.55,3.62
339,San Francisco,701,US,1531881600,100,37.78,-122.42,87.8,4.7
340,Hwange,800,ZW,1531883517,66,-18.35,26.5,50.01,14.36
341,Nikolskoye,800,RU,1531881000,60,59.7,30.79,71.6,8.95
342,Strelka,802,RU,1531883517,62,58.08,93.03,66.39,6.64
343,Hendaye,800,FR,1531882800,88,43.37,-1.77,68.0,1.12
344,Vardo,701,US,1531882500,100,39.62,-77.74,71.6,6.76
345,Eureka,801,US,1531881300,93,40.8,-124.16,59.0,13.87
346,Ä°dil,800,TR,1531882800,24,37.34,41.89,78.8,9.17
347,Fortuna,800,ES,1531882800,53,38.18,-1.13,77.0,5.82
348,Bereznik,800,RU,1531883519,61,62.86,42.71,64.14,8.66
349,Najran,803,SA,1531879200,54,17.54,44.22,78.8,4.7
350,Lind,741,DE,1531882200,93,50.85,7.1,55.4,1.12
351,Mangrol,803,IN,1531883519,100,25.33,76.51,79.26,4.41
352,Broome,801,GB,1531882560,77,52.47,1.45,59.0,5.82
353,Jiuquan,802,CN,1531883520,41,39.73,98.49,73.41,5.53
354,Bonthe,501,SL,1531883520,100,7.53,-12.5,73.14,3.96
355,Mount Gambier,500,AU,1531883520,98,-37.83,140.78,52.44,13.8
356,Turayf,800,SA,1531879200,46,31.68,38.65,71.6,9.17
357,Fairbanks,802,US,1531882680,36,64.84,-147.72,62.6,6.93
358,Kanakapura,803,IN,1531881000,83,12.54,77.42,69.8,13.87
359,Pisco,804,PE,1531879200,82,-13.71,-76.2,62.6,14.99
360,Blagoyevo,800,RU,1531883522,72,63.37,47.92,63.24,5.86
361,Meadow Lake,800,CA,1531883522,68,54.13,-108.44,76.02,3.51
362,Chernukha,500,RU,1531883522,97,55.6,43.76,64.59,15.93
363,Czersk,502,PL,1531883523,99,53.8,17.98,64.23,7.99
364,Bougouni,502,ML,1531883523,99,11.42,-7.49,69.27,5.64
365,Tumut,800,AU,1531883349,78,-35.3,148.22,45.96,3.96
366,Balkanabat,801,TM,1531883523,52,39.51,54.36,81.87,2.17
367,Boende,801,CD,1531883524,99,-0.28,20.88,70.71,2.62
368,Rio Grande,501,BR,1531883387,90,-32.03,-52.1,63.24,9.78
369,San Vicente,800,SV,1531878600,61,13.64,-88.78,80.6,4.7
370,Saint-Francois,800,FR,1531882800,93,46.42,3.91,53.6,2.24
371,Kharan,800,PK,1531883525,31,28.58,65.42,84.03,3.62
372,Labuhan,800,ID,1531883525,72,-2.54,115.51,85.38,3.4
373,Chingirlau,803,KZ,1531883526,76,51.09,54.08,74.94,6.42
374,Ytre Arna,802,NO,1531883526,86,60.47,5.43,58.92,1.39
375,Sur,804,OM,1531883526,91,22.57,59.53,86.82,5.64
376,Santo Tomas,502,PH,1531883526,100,15.88,120.59,74.31,3.51
377,San Juan,802,PR,1531878960,88,18.47,-66.12,82.4,11.41
378,Kodinsk,803,RU,1531883528,66,58.6,99.18,65.04,6.76
379,Rio Gallegos,803,AR,1531879200,92,-51.62,-69.22,28.4,3.36
380,Phu Ly,501,VN,1531883528,100,20.54,105.91,77.19,8.77
381,Guantanamo,800,BO,1531883528,73,-16.14,-62.05,70.8,3.29
382,Searcy,500,US,1531878960,94,35.25,-91.74,78.8,3.36
383,Mahebourg,802,MU,1531879200,64,-20.41,57.7,69.8,12.75
384,Ughelli,500,NG,1531883529,100,5.49,6.0,72.6,4.52
385,Santa Luzia,800,BR,1531879200,68,-19.77,-43.85,64.4,5.82
386,Pacific Grove,803,US,1531881480,82,36.62,-121.92,68.0,6.93
387,Brae,800,GB,1531882200,87,60.4,-1.35,53.6,8.05
388,San Vicente de Canete,500,PE,1531883530,96,-13.08,-76.38,56.31,3.06
389,Lompoc,803,US,1531881540,82,34.64,-120.46,71.6,10.29
390,Gayny,500,RU,1531883531,88,60.3,54.33,68.01,8.43
391,Coquimbo,804,CL,1531879200,81,-29.95,-71.34,53.6,5.82
392,Shepsi,803,RU,1531883531,94,44.04,39.15,77.82,14.25
393,Springbok,801,ZA,1531883531,42,-29.67,17.88,55.05,12.91
394,Todos Santos,804,MX,1531878420,74,23.45,-110.23,84.2,3.4
395,Haines Junction,804,CA,1531883532,39,60.75,-137.51,57.3,1.61
396,Roald,802,NO,1531882200,93,62.58,6.12,62.6,9.17
397,Faanui,803,PF,1531883532,100,-16.48,-151.75,78.27,22.08
398,Soyo,804,AO,1531883532,96,-6.13,12.37,69.09,5.19
399,Mehamn,800,NO,1531883532,89,71.03,27.85,60.36,2.95
400,Damaturu,800,NG,1531883533,94,11.75,11.96,69.27,8.43
401,Panaba,800,MX,1531883533,84,21.28,-88.27,79.26,6.98
402,Kinablangan,800,PH,1531883533,95,7.69,126.55,86.01,6.42
403,Jalu,800,LY,1531883533,41,29.03,21.55,77.46,9.22
404,Kieta,803,PG,1531883534,94,-6.22,155.63,82.59,8.77
405,Iranshahr,721,IR,1531879200,39,27.21,60.69,95.0,6.93
406,Jining,802,CN,1531883534,66,35.41,116.58,93.66,10.0
407,Amapa,803,HN,1531882800,94,15.09,-87.97,80.6,6.93
408,Vila Franca do Campo,801,PT,1531882800,82,37.72,-25.43,64.4,4.7
409,Jiangkou,800,CN,1531883535,76,30.7,117.56,90.33,3.74
410,Antigonish,804,CA,1531879200,100,45.62,-61.99,64.4,9.17
411,Alice Springs,800,AU,1531882800,8,-23.7,133.88,75.2,6.93
412,Conceicao do Araguaia,800,BR,1531883535,45,-8.26,-49.26,74.31,7.09
413,Namwala,802,ZM,1531883536,87,-15.75,26.45,50.19,7.99
414,Pundaguitan,801,PH,1531883536,97,6.37,126.17,85.11,6.76
415,Channel-Port aux Basques,803,CA,1531883536,87,47.57,-59.14,56.94,14.03
416,Tuatapere,801,NZ,1531883536,94,-46.13,167.69,51.9,10.22
417,Talnakh,500,RU,1531883280,86,69.49,88.39,57.21,15.82
418,Lamar,211,US,1531881480,47,38.09,-102.62,78.8,10.29
419,Oriximina,800,BR,1531883456,67,-1.77,-55.87,81.78,4.97
420,Port Augusta,800,AU,1531882800,32,-32.49,137.76,68.0,19.46
421,Benicarlo,800,ES,1531883537,100,40.42,0.43,76.74,4.63
422,Orsha,800,BY,1531883538,82,54.51,30.43,68.91,12.57
423,Pyay,803,MM,1531883538,90,18.82,95.22,84.48,4.07
424,Gizo,802,IL,1531882200,83,31.8,34.94,78.8,8.05
425,Fuling,800,CN,1531883538,57,29.71,107.39,93.3,4.52
426,Morros,800,BR,1531882800,88,-2.87,-44.04,77.0,5.82
427,Baykit,800,RU,1531883539,67,61.68,96.39,63.96,4.41
428,Turukhansk,804,RU,1531883539,48,65.8,87.96,72.06,21.63
429,Anadyr,800,RU,1531881000,68,64.73,177.51,68.0,13.42
430,Xique-Xique,800,BR,1531883539,72,-10.82,-42.73,71.07,14.36
431,Lac du Bonnet,800,CA,1531883539,63,50.25,-96.06,68.01,5.3
432,Aklavik,804,CA,1531879200,66,68.22,-135.01,48.2,9.17
433,Oistins,521,BB,1531879200,88,13.07,-59.53,78.8,17.22
434,Mahibadhoo,500,MV,1531883540,100,3.78,72.97,80.25,16.71
435,Vostok,500,RU,1531883540,88,46.45,135.83,69.72,2.62
436,Minsk,800,BY,1531881000,93,53.9,27.56,66.2,8.95
437,Kompaniyivka,801,UA,1531883541,93,48.25,32.21,59.01,2.95
438,Zeya,500,RU,1531883541,94,53.74,127.27,67.83,2.95
439,Birao,803,CF,1531883541,95,10.3,22.78,72.78,5.08
440,Huarmey,800,PE,1531883542,90,-10.07,-78.15,52.26,3.62
441,Geraldton,803,CA,1531879200,67,49.72,-86.95,59.0,5.82
442,Carmen,801,PH,1531883542,80,7.2,124.8,86.19,2.39
443,Rancho Palos Verdes,800,US,1531881660,54,33.75,-118.37,82.4,10.29
444,Khorramshahr,800,IR,1531882800,21,30.43,48.18,84.2,9.17
445,Palembang,800,ID,1531881000,74,-2.99,104.76,82.4,9.17
446,Galesong,801,ID,1531882800,58,-5.32,119.37,87.8,6.93
447,Nishihara,800,JP,1531882560,53,35.74,139.53,95.0,3.36
448,Whitehorse,804,CA,1531879200,41,60.72,-135.06,60.8,6.93
449,Harper,800,US,1531882500,35,30.3,-99.24,91.4,9.66
450,Coria,800,ES,1531883514,84,39.98,-6.54,60.09,2.39
451,Fez,800,MA,1531882800,77,34.03,-5.02,68.0,3.36
452,Vila Velha,803,BR,1531879200,78,-3.71,-38.6,80.6,13.87
453,Bandrele,803,YT,1531881000,69,-12.91,45.19,77.0,21.92
454,Qandala,802,SO,1531883545,59,11.47,49.87,81.42,7.2
455,Pizarro,500,CO,1531883545,100,4.95,-77.37,77.64,3.18
456,Wiarton,800,CA,1531879200,82,44.74,-81.13,62.6,11.68
457,Darhan,500,MN,1531883545,98,49.49,105.92,65.13,4.18
458,Abrau-Dyurso,802,RU,1531881000,93,44.7,37.6,66.2,8.95
459,Husavik,800,CA,1531883252,73,50.56,-96.99,67.56,6.42
460,Nadym,800,RU,1531883546,49,65.53,72.51,61.98,12.46
461,College,802,US,1531879080,39,64.86,-147.8,62.6,14.99
462,Naze,501,NG,1531883546,99,5.43,7.07,69.72,2.73
463,Grindavik,803,IS,1531881000,93,63.84,-22.43,46.4,5.82
464,Sao Filipe,804,CV,1531883547,100,14.9,-24.5,74.22,9.89
465,Tromso,800,NO,1531882200,77,69.65,18.96,59.0,6.93
466,Dori,800,BF,1531883547,82,14.03,-0.03,75.57,11.01
467,Nome,800,US,1531882500,83,30.04,-94.42,84.2,4.7
468,Awjilah,800,LY,1531883548,42,29.14,21.3,75.57,5.08
469,Uglegorsk,800,RU,1531883548,72,49.08,142.06,64.41,3.51
470,Khani,800,GE,1531879200,93,41.96,42.96,62.6,4.7
471,El Dorado,801,VE,1531883548,97,6.71,-61.64,72.78,1.95
472,Volovo,802,RU,1531883548,90,53.55,38.01,66.57,8.66
473,Buraydah,800,SA,1531879200,30,26.33,43.97,84.2,4.7
474,Meulaboh,803,ID,1531883549,100,4.14,96.13,79.62,4.63
475,Panguna,500,PG,1531883549,90,-6.32,155.48,78.45,4.07
476,La Rioja,804,AR,1531883549,89,-29.41,-66.86,48.03,6.64
477,Korhogo,502,CI,1531883549,100,9.46,-5.63,68.73,1.16
478,Inirida,803,CO,1531883550,100,3.87,-67.92,70.17,2.17
479,Abeokuta,801,NG,1531879200,94,7.16,3.35,77.0,3.62
480,Chara,801,GR,1531882200,68,39.42,22.43,71.6,3.36
481,Canhotinho,500,BR,1531883550,98,-8.88,-36.2,67.92,6.64
482,Gold Coast,800,AU,1531882800,43,-28.0,153.41,71.6,9.17
483,Toamasina,500,MG,1531879200,93,-18.17,49.38,62.6,18.34
484,San Ramon,500,NI,1531883551,83,12.92,-85.84,71.79,4.18
485,Saint Lawrence,800,MT,1531878300,83,36.06,14.2,73.4,12.75
486,Lakatoro,804,VU,1531883552,81,-16.11,167.42,78.27,7.99
487,Cacequi,801,BR,1531883552,95,-29.88,-54.83,65.04,2.73
488,Jinchang,804,CN,1531883552,43,38.52,102.19,76.29,3.06
489,Itarema,800,BR,1531883552,87,-2.92,-39.92,75.57,12.46
490,Bilibino,801,RU,1531883553,71,68.06,166.44,52.71,6.87
491,Tura,803,IN,1531883553,89,25.52,90.21,82.05,3.29
492,Lugovoy,800,RU,1531883553,51,59.72,65.88,76.02,3.29
493,Klyuchi,800,RU,1531883553,61,52.25,79.17,72.6,7.99
494,Darnah,800,LY,1531883554,99,32.77,22.64,77.82,23.53
495,Guerrero Negro,802,MX,1531883554,88,27.97,-114.04,69.99,8.66
496,Berehove,804,UA,1531881000,100,48.21,22.65,64.4,3.36
497,Igrim,800,RU,1531883554,75,63.19,64.42,64.59,5.53
498,Yeppoon,800,AU,1531882800,23,-23.13,150.74,77.0,6.93
499,Lebowakgomo,800,ZA,1531879200,71,-24.3,29.54,50.0,5.82
500,Trofors,800,NO,1531882200,72,65.54,13.39,64.4,5.82
501,Kozulka,701,UA,1531881000,88,50.04,23.8,64.4,8.95
502,Jurmala,800,LV,1531882200,68,56.97,23.77,69.8,6.93
503,Kafanchan,500,NG,1531883555,99,9.58,8.3,66.48,3.18
504,Machico,803,PT,1531882800,77,32.7,-16.77,69.8,13.87
505,Zhuanghe,500,CN,1531883556,94,39.7,122.97,74.49,14.25
506,Tortoli,800,IT,1531878900,41,39.93,9.66,75.2,2.24
507,Nelson Bay,800,AU,1531879200,28,-32.72,152.14,69.8,12.75
508,Tyrma,500,RU,1531883556,89,50.04,132.17,76.11,3.62
509,Rishikesh,500,IN,1531883557,91,30.11,78.3,76.65,2.62
510,Avenal,801,US,1531878960,19,36.0,-120.13,102.2,10.29
511,Dargaville,803,NZ,1531883557,84,-35.94,173.86,59.28,4.52
512,Kendari,500,ID,1531883557,90,-3.99,122.52,78.99,3.74
513,Champerico,803,MX,1531878240,65,16.38,-93.6,82.4,12.75
514,Dubreka,500,GN,1531879200,100,9.79,-13.52,75.2,4.7
515,Coruripe,500,BR,1531883558,96,-10.12,-36.18,77.73,15.82
516,Jasper,501,US,1531882560,100,33.83,-87.28,80.6,1.16
517,Ulladulla,800,AU,1531879200,26,-35.36,150.48,60.8,16.11
518,Tobermory,803,CA,1531883558,86,45.25,-81.67,65.58,8.21
519,Ashcroft,800,AU,1531882800,22,-33.91,150.9,69.8,4.7
520,Doha,800,QA,1531879200,26,25.29,51.53,96.8,4.7
521,Amasya,800,TR,1531882200,76,40.65,35.83,57.2,1.12
522,Mezhdurechensk,500,RU,1531883559,86,53.69,88.07,61.71,2.95
523,Nantucket,701,US,1531881960,100,41.28,-70.1,73.4,9.17
524,Kaka,800,TM,1531883560,45,37.35,59.62,78.99,2.39
525,Tautira,521,PF,1531882800,74,-17.73,-149.15,78.8,3.36
526,Bukachacha,500,RU,1531883560,84,52.99,116.91,66.03,6.42
527,Araouane,802,ML,1531883349,29,18.9,-3.53,86.82,10.89
528,Karakol,800,KG,1531883560,92,42.49,78.39,56.04,1.05
529,Maunabo,802,PR,1531878960,88,18.01,-65.9,82.4,11.41
530,Umm Lajj,800,SA,1531883313,100,25.02,37.27,76.11,5.19
531,Zaozerne,500,UA,1531883561,100,51.37,23.94,64.41,8.21
